name,address,city,state,neighborhood,phone,email,website,management_company
Solitair Brickell,"86 SW 8th Street",Miami,FL,Brickell,786-842-4578,,https://www.livesolitair.com/,
Maizon Brickell,"221 SW 12th St",Miami,FL,Brickell,754-799-3157,,https://www.maizonmiami.com/,
Magnus Brickell,"201 SW 10th St",Miami,FL,Brickell,754-663-2834,Info@MagnusBrickell.com,https://magnusbrickell.com/,Related Group
Miro Brickell,"1600 SW 1st Ave",Miami,FL,Brickell,305-400-9000,,https://www.harborgroupmanagement.com/apartments/fl/miami/miro-brickell/,Harbor Group
Brickell First,"1001 SW 2nd Ave",Miami,FL,Brickell,305-371-0707,,https://brickellfirst.prospectportal.com/,
Panorama Tower,"1100 Brickell Bay Dr",Miami,FL,Brickell,305-714-3333,,https://www.panoramatowermiami.com/,
Monarc at Met,"201 SE 2nd Ave",Miami,FL,Downtown,305-358-4000,,https://www.monarcatmet.com/,
SOMA at Brickell,"145 SW 13th St",Miami,FL,Brickell,305-400-5100,,https://www.somaatbrickell.com/,
Icon Brickell Tower 1,"465 Brickell Ave",Miami,FL,Brickell,305-371-4266,,https://www.iconbrickell.com/,Related Group
Icon Brickell Tower 2,"485 Brickell Ave",Miami,FL,Brickell,305-371-4266,,https://www.iconbrickell.com/,Related Group
Icon Brickell Tower 3,"495 Brickell Ave",Miami,FL,Brickell,305-371-4266,,https://www.iconbrickell.com/,Related Group
SLS Lux Brickell,"801 S Miami Ave",Miami,FL,Brickell,305-503-9000,,https://www.slsluxbrickell.com/,Related Group
Wynwood Bay,"3635 NE 1st Ave",Miami,FL,Edgewater,305-400-8000,,https://www.wynwoodbay.com/,
AMLI Wynwood,"51 NW 26th St",Miami,FL,Wynwood,786-622-8888,,https://www.amli.com/apartments/southeast-florida/miami-apartments/amli-wynwood,AMLI
AMLI Midtown 29,"100 Midtown Blvd",Miami,FL,Midtown,305-677-4000,,https://www.amli.com/apartments/southeast-florida/miami-apartments/amli-midtown-29,AMLI
Gio Midtown,"3700 N Miami Ave",Miami,FL,Midtown,305-456-1900,,https://www.giomidtown.com/,
29 Wyn,"49 NW 29th St",Miami,FL,Wynwood,786-472-1700,,https://29wyn.com/,
Wynwood 25,"2515 N Miami Ave",Miami,FL,Wynwood,786-991-0025,,https://wynwood25.com/,
Strata Wynwood,"250 NW 24th St",Miami,FL,Wynwood,786-505-6700,,https://www.stratawynwood.com/,
ARO,"242 West 53rd Street",New York,NY,Midtown West,646-518-8855,rent@aro.nyc,https://aro.nyc/,
555TEN,"555 Tenth Avenue",New York,NY,Hell's Kitchen,212-563-5553,HELLO@555TEN.com,https://555ten.com/,Extell
7 Dey,"7 Dey Street",New York,NY,Financial District,212-977-5777,leasing@7DeyNYC.com,https://7deynyc.com/,
MiMA,"450 West 42nd Street",New York,NY,Midtown West,212-629-9500,,https://www.livemima.com/,Related Rentals
The Westport,"500 West 56th Street",New York,NY,Midtown West,212-586-0600,,https://www.relatedrentals.com/apartment-rentals/new-york-city/midtown-manhattan/the-westport,Related Rentals
The Caledonia,"450 West 17th Street",New York,NY,Chelsea,212-255-3800,,https://www.relatedrentals.com/apartment-rentals/new-york-city/west-chelsea/the-caledonia,Related Rentals
The Tate,"535 West 23rd Street",New York,NY,Chelsea,212-929-0003,,https://www.relatedrentals.com/apartment-rentals/new-york-city/west-chelsea/the-tate,Related Rentals
The Westminster,"180 West 20th Street",New York,NY,Chelsea,212-989-0200,,https://www.relatedrentals.com/,Related Rentals
Tribeca Park,"400 Chambers Street",New York,NY,Tribeca,212-786-0900,,https://www.relatedrentals.com/,Related Rentals
Tribeca Tower,"105 Duane Street",New York,NY,Tribeca,212-964-2500,,https://www.relatedrentals.com/,Related Rentals
One Hudson Yards,"530 West 30th Street",New York,NY,Hudson Yards,212-524-6000,,https://www.relatedrentals.com/,Related Rentals
Abington House,"500 West 30th Street",New York,NY,Hudson Yards,212-695-0030,,https://www.relatedrentals.com/,Related Rentals
The Set,"455 10th Avenue",New York,NY,Hudson Yards,212-695-9000,,https://www.relatedrentals.com/,Related Rentals
3ELEVEN,"311 Eleventh Avenue",New York,NY,Chelsea,212-206-0311,,https://3elevennyc.com/,
225 West 28th,"225 West 28th Street",New York,NY,Chelsea,212-290-2250,,https://225west28th.com/,
Echelon Chelsea,"37 West 21st Street",New York,NY,Chelsea,212-255-2121,,https://www.echelonchelsea.com/,
The Pavilion,"500 East 77th Street",New York,NY,Upper East Side,212-535-5900,,https://www.glenwoodnyc.com/,Glenwood
The Fairmont,"300 East 75th Street",New York,NY,Upper East Side,212-734-7500,,https://www.glenwoodnyc.com/,Glenwood
The Lucerne,"350 East 79th Street",New York,NY,Upper East Side,212-535-5000,,https://www.glenwoodnyc.com/,Glenwood
The Marlowe,"245 East 93rd Street",New York,NY,Upper East Side,212-996-5000,,https://www.glenwoodnyc.com/,Glenwood
The Stratford,"1385 York Avenue",New York,NY,Upper East Side,212-628-3900,,https://www.glenwoodnyc.com/,Glenwood
The Andover,"1675 York Avenue",New York,NY,Upper East Side,212-628-0900,,https://www.glenwoodnyc.com/,Glenwood
The Barclay,"1755 York Avenue",New York,NY,Upper East Side,212-628-1200,,https://www.glenwoodnyc.com/,Glenwood
The Brittany,"1775 York Avenue",New York,NY,Upper East Side,212-535-8800,,https://www.glenwoodnyc.com/,Glenwood
The Cambridge,"500 East 85th Street",New York,NY,Upper East Side,212-734-7800,,https://www.glenwoodnyc.com/,Glenwood
Paramount Tower,"240 East 39th Street",New York,NY,Midtown East,212-682-6900,,https://www.glenwoodnyc.com/,Glenwood
The Bamford,"333 East 56th Street",New York,NY,Midtown East,212-753-0500,,https://www.glenwoodnyc.com/,Glenwood
The Belmont,"320 East 46th Street",New York,NY,Midtown East,212-682-8800,,https://www.glenwoodnyc.com/,Glenwood
The Bristol,"300 East 56th Street",New York,NY,Midtown East,212-759-0200,,https://www.glenwoodnyc.com/,Glenwood
Crystal Green,"330 West 39th Street",New York,NY,Midtown West,212-868-1400,,https://www.glenwoodnyc.com/,Glenwood
Emerald Green,"320 West 38th Street",New York,NY,Midtown West,212-695-4400,,https://www.glenwoodnyc.com/,Glenwood
The Sage,"329 West 38th Street",New York,NY,Midtown West,212-868-1500,,https://www.glenwoodnyc.com/,Glenwood
The Encore,"175 West 60th Street",New York,NY,Lincoln Center,212-586-0100,,https://www.glenwoodnyc.com/,Glenwood
Hawthorn Park,"160 West 62nd Street",New York,NY,Lincoln Center,212-580-0600,,https://www.glenwoodnyc.com/,Glenwood
The Regent,"45 West 60th Street",New York,NY,Lincoln Center,212-581-1700,,https://www.glenwoodnyc.com/,Glenwood
Barclay Tower,"10 Barclay Street",New York,NY,Tribeca,212-406-0700,,https://www.glenwoodnyc.com/,Glenwood
Liberty Plaza,"10 Liberty Street",New York,NY,Financial District,212-240-3400,,https://www.glenwoodnyc.com/,Glenwood
2 Gold Street,"2 Gold Street",New York,NY,Financial District,212-344-0200,,https://tfc.com/,TF Cornerstone
45 Wall Street,"45 Wall Street",New York,NY,Financial District,212-269-4500,,https://tfc.com/,TF Cornerstone
505 West 37th,"505 West 37th Street",New York,NY,Hudson Yards,212-967-3737,,https://tfc.com/,TF Cornerstone
200 West 26th Street,"200 West 26th Street",New York,NY,Chelsea,212-929-2626,,https://tfc.com/,TF Cornerstone
One South First,"1 South First Street",Brooklyn,NY,Williamsburg,718-302-0001,,https://www.onesouthfirst.com/,
325 Kent,"325 Kent Avenue",Brooklyn,NY,Williamsburg,718-599-3250,,https://www.325kent.com/,Two Trees
420 Kent,"420 Kent Avenue",Brooklyn,NY,Williamsburg,718-599-4200,,https://420kent.com/,
The Dime,"275 South 5th Street",Brooklyn,NY,Williamsburg,718-218-3463,,https://residences.thedime.com/,
West Wharf,"21 India Street",Brooklyn,NY,Greenpoint,718-389-2100,,https://westwharf.com/,
Lorimer House,"555 Broadway",Brooklyn,NY,Williamsburg,718-384-5550,,https://lorimerhousebk.com/,
Hanover Republic Square,"303 W. 5th Street",Austin,TX,Downtown,512-501-2316,,https://hanoverrepublicsquare.com/,Hanover
The Shoal,"827 West 12th Street",Austin,TX,Downtown,855-536-2024,,https://theshoalatx.com/,
Ashton Austin,"706 Congress Ave",Austin,TX,Downtown,512-551-3200,,https://ashtoninaustin.com/,
700 River,"700 E Riverside Dr",Austin,TX,Rainey Street,512-717-5000,,https://www.700riveraustin.com/,
The Travis,"80 Red River Street",Austin,TX,Rainey Street,512-900-0000,,https://www.thetravisaustin.com/,
Mosaic at Mueller,"1900 Simond Ave",Austin,TX,Mueller,512-454-1900,,https://www.mosaicaustin.com/,
Rivette Tower,"4500 Mueller Blvd",Austin,TX,Mueller,512-900-4500,,https://rivettemueller.com/,
AMLI at Mueller,"1900 Aldrich St",Austin,TX,Mueller,512-649-1900,,https://www.amli.com/apartments/austin/mueller-apartments/amli-at-mueller,AMLI
AMLI Branch Park,"1900 Haskell St",Austin,TX,Mueller,512-649-1901,,https://www.amli.com/apartments/austin/mueller-apartments/amli-branch-park,AMLI
Solomon,"2000 E Riverside Dr",Austin,TX,East Austin,512-428-2000,,https://solomonatx.com/,
AVEN,"1120 S. Grand Avenue",Los Angeles,CA,Downtown,213-772-4272,,https://avendtla.com/,
THEA at Metropolis,"1000 West 8th Street",Los Angeles,CA,Downtown,213-488-8432,thealeasing@greystar.com,https://theadtla.com/,Greystar
Circa LA,"1200 South Figueroa Street",Los Angeles,CA,Downtown,213-263-4262,,https://circala.com/,
Park Fifth Tower,"530 S Grand Ave",Los Angeles,CA,Downtown,213-239-0900,,https://www.parkfifthtower.com/,
888 at Grand Hope Park,"888 South Hope St",Los Angeles,CA,Downtown,213-201-8888,,https://888hope.com/,
825 South Hill,"825 South Hill St",Los Angeles,CA,Downtown,213-624-8250,,https://www.825southhilldtla.com/,
Onyx DTLA,"1050 S Grand Ave",Los Angeles,CA,Downtown,213-748-8000,,https://www.onyxdtla.com/,
The Met DTLA,"1050 S Flower St",Los Angeles,CA,Downtown,213-746-0900,,https://rent.brookfieldproperties.com/property/the-met/,Brookfield
South Park by Windsor,"1200 S Figueroa St",Los Angeles,CA,Downtown,213-746-0700,,https://www.windsorcommunities.com/properties/south-park-by-windsor/,Windsor
South Park Lofts,"818 S Grand Ave",Los Angeles,CA,Downtown,213-623-2489,,https://www.splofts.com/,
Domain West Hollywood,"1300 N Crescent Heights",Los Angeles,CA,West Hollywood,323-656-0123,,https://domainweho.com/,
Nine Thousand One,"9001 Santa Monica Blvd",Los Angeles,CA,West Hollywood,310-859-9001,,https://ninethousandone.com/,
SMB Hollywood,"6230 Sunset Blvd",Los Angeles,CA,Hollywood,323-466-6230,,https://www.smbhollywood.com/,
Ten Thousand,"10000 Santa Monica Blvd",Los Angeles,CA,Century City,310-551-0100,,https://www.livetenthousand.com/,
The Crown West Hollywood,"8560 Sunset Blvd",Los Angeles,CA,West Hollywood,323-656-8560,,https://thecrownweho.com/,
Burton Luxury,"8530 Burton Way",Los Angeles,CA,Beverly Hills,310-659-8530,,https://www.burtonapts.com/,
One Uptown,"2619 McKinney Ave",Dallas,TX,Uptown,214-468-0001,,https://www.oneuptown.com/,
The Ashton,"2215 Cedar Springs Rd",Dallas,TX,Uptown,866-730-3037,,https://www.ashtonuptown.com/,
Peridot Residences,"1601 Elm St",Dallas,TX,Downtown,469-228-8881,,https://peridotresidences.com/,
One Dallas Center,"350 N St Paul St",Dallas,TX,Downtown,469-250-1400,,https://www.1dallascenterapartments.com/,
The Taylor,"2710 Cedar Springs Rd",Dallas,TX,Uptown,214-505-8800,,https://tayloruptown.com/,
The McKenzie,"4600 Travis St",Dallas,TX,Knox Henderson,214-265-4600,,https://themckenziedallas.com/,
Nove at Knox,"4611 Cole Ave",Dallas,TX,Knox Henderson,214-238-4611,,https://noveatknox.com/,
The Armstrong at Knox,"4207 Knox St",Dallas,TX,Knox Henderson,214-559-4207,,https://thearmstrongatknox.com/,
Selene Residences,"3000 Blackburn St",Dallas,TX,Uptown,214-777-3000,,https://liveatselene.com/,
MAA Uptown Village,"3100 Carlisle St",Dallas,TX,Uptown,214-855-3100,,https://www.maac.com/texas/dallas/maa-uptown-village/,MAA
Alcove Nashville,"900 Church Street",Nashville,TN,Downtown,615-357-4900,live@alcovenashville.com,https://alcovenashville.com/,
505 Nashville,"505 Church Street",Nashville,TN,Downtown,844-918-3163,505.PropertyWebsite.CBRE@aptleasing.info,https://505nashville.com/,
The Place at Fifth + Broadway,"600 Broadway",Nashville,TN,Downtown,877-640-8065,,https://www.livetheplacenashville.com/,
SkyHouse Nashville,"1801 Broadway",Nashville,TN,Music Row,615-724-3800,,https://www.simpsonpropertygroup.com/apartments/nashville-tennessee/skyhouse-nashville-music-row,Simpson
Aspire Gulch,"320 11th Ave S",Nashville,TN,The Gulch,615-488-7700,,https://aspiregulch.com/,
Modera Gulch,"401 11th Ave S",Nashville,TN,The Gulch,615-488-7401,,https://www.moderagulch.com/,
Haven at the Gulch,"1222 Demonbreun St",Nashville,TN,The Gulch,615-942-1222,,https://havenatthegulch.com/,
Residences at Capitol View,"600 12th Ave S",Nashville,TN,The Gulch,615-928-0600,,https://residencesatcapitolview.com/,
The Griff,"1515 3rd Ave N",Nashville,TN,Germantown,615-645-1515,,https://www.olympusproperty.com/apartments/tn/nashville/the-griff/,
Starling Germantown,"1000 Monroe St",Nashville,TN,Germantown,615-610-1000,,https://starlinggermantown.com/,
Towne Nashville,"1107 3rd Ave N",Nashville,TN,Germantown,615-928-1107,,https://townenashville.com/,
Albion in the Gulch,"701 12th Ave S",Nashville,TN,The Gulch,615-678-0701,,https://www.albioninthegulch.com/,
Elora at Buckhead,"3372 Peachtree Road NE",Atlanta,GA,Buckhead,888-823-4518,,https://www.eloraatbuckhead.com/,
The Tower on Piedmont,"3525 Piedmont Rd NE",Atlanta,GA,Buckhead,404-500-2525,,https://www.thetoweronpiedmont.com/,
92 West Paces,"92 West Paces Ferry Rd",Atlanta,GA,Buckhead,404-303-9992,,https://www.92westpaces.com/,
MAA Lenox,"3280 Peachtree Rd NE",Atlanta,GA,Buckhead,404-418-2000,,https://www.maac.com/georgia/atlanta/maa-lenox/,MAA
Cortland at Phipps Plaza,"3500 Lenox Rd NE",Atlanta,GA,Buckhead,404-835-2000,,https://cortland.com/apartments/cortland-at-phipps-plaza/,Cortland
Hanover Buckhead Village,"3195 Roswell Rd NE",Atlanta,GA,Buckhead,404-949-3195,,https://www.hanoverbuckheadvillage.com/,Hanover
The Huntley,"3630 Peachtree Rd NE",Atlanta,GA,Buckhead,404-816-3630,,https://www.thehuntley.com/,
Marquis at Buckhead,"3335 Peachtree Rd NE",Atlanta,GA,Buckhead,404-814-3335,,https://www.marquisbuckhead.com/,
Momentum Midtown,"1080 Peachtree St NE",Atlanta,GA,Midtown,404-347-1080,,https://www.momentummidtown.com/,
Emmi Midtown,"1100 Peachtree St NE",Atlanta,GA,Midtown,404-347-1100,,https://www.emmimidtown.com/,
Atlantic House,"270 17th St NW",Atlanta,GA,Midtown,404-574-0270,,https://atlantichousemidtown.com/,
Hanover Midtown,"1045 Juniper St NE",Atlanta,GA,Midtown,404-347-1045,,https://livehanovermidtown.com/,
Luxe Midtown,"785 W Peachtree St NW",Atlanta,GA,Midtown,404-347-0785,,https://www.allatlantacondos.com/luxe-midtown-atlanta-condos/,
70 Pine,"70 Pine Street",New York,NY,Financial District,212-269-7070,,https://www.rosenyc.com/rentals/70-pine/,Rose Associates
21 West Street,"21 West Street",New York,NY,Financial District,212-786-2121,,https://www.rosenyc.com/,Rose Associates
London Terrace Gardens,"415 West 23rd Street",New York,NY,Chelsea,212-929-5900,,https://www.rosenyc.com/,Rose Associates
Renoir House,"225 East 63rd Street",New York,NY,Upper East Side,212-935-2250,,https://www.rosenyc.com/,Rose Associates
Electra,"354 East 91st Street",New York,NY,Upper East Side,212-831-3540,,https://www.rosenyc.com/,Rose Associates
The Nathaniel,"138 East 12th Street",New York,NY,East Village,212-777-1380,,https://www.rosenyc.com/,Rose Associates
The Larstrand,"277 West 77th Street",New York,NY,Upper West Side,212-799-7700,,https://www.rosenyc.com/,Rose Associates
SKY,"605 West 42nd Street",New York,NY,Hell's Kitchen,212-594-6050,,https://www.liveatsky.com/,Moinian Group
Oskar,"555 West 43rd Street",New York,NY,Hell's Kitchen,212-967-5550,,https://www.moinian.com/,Moinian Group
Atelier,"635 West 42nd Street",New York,NY,Hell's Kitchen,212-967-6350,,https://www.theateliernyc.com/,Moinian Group
Atlas New York,"66 West 38th Street",New York,NY,Midtown,212-302-6638,,https://www.atlasny.com/,Gotham Organization
Gotham West,"550 West 45th Street",New York,NY,Hell's Kitchen,212-974-5500,,https://gothamwestnyc.com/,Gotham Organization
The Nicole,"400 West 55th Street",New York,NY,Hell's Kitchen,212-247-4000,,https://www.thenicole.com/,Gotham Organization
The Maybury,"550 Tenth Avenue",New York,NY,Hudson Yards,212-695-5500,,https://www.gothamproperties.com/,Gotham Organization
The Ashland,"250 Ashland Place",Brooklyn,NY,Fort Greene,718-246-2500,,https://theashlandbk.com/,Gotham Organization
Waterline Square,"645 West 59th Street",New York,NY,Upper West Side,212-801-2500,,https://www.waterlinesquare.com/,FirstService Residential
One Waterline Square,"10 Riverside Boulevard",New York,NY,Upper West Side,212-801-2510,,https://www.waterlinesquare.com/,FirstService Residential
Two Waterline Square,"30 Riverside Boulevard",New York,NY,Upper West Side,212-801-2520,,https://www.waterlinesquare.com/,FirstService Residential
Three Waterline Square,"639 West 59th Street",New York,NY,Upper West Side,212-801-2530,,https://www.waterlinesquare.com/,FirstService Residential
The Dupont,"149 Dupont Street",Brooklyn,NY,Greenpoint,718-389-1490,,https://www.thedupontgreenpoint.com/,FirstService Residential
Grand Tier,"1930 Broadway",New York,NY,Lincoln Center,212-580-1930,,https://www.glenwoodnyc.com/,Glenwood
The Corner,"200 West 72nd Street",New York,NY,Upper West Side,212-595-2000,,https://www.relatedrentals.com/,Related Rentals
2 Cooper Square,"2 Cooper Square",New York,NY,East Village,212-260-0002,,https://www.rockrose.com/,Rockrose
Prism at Park Ave South,"50 East 28th Street",New York,NY,NoMad,212-686-5000,,https://rockrose.com/,Rockrose
Beatrice,"105 West 29th Street",New York,NY,NoMad,212-279-1050,,https://livebeatrice.com/,
Chase Knolls,"13401 Riverside Drive",Los Angeles,CA,Sherman Oaks,818-906-1340,,https://www.jrk.com/,JRK Property Holdings
C on Pico,"12301 West Pico Boulevard",Los Angeles,CA,Sawtelle,310-312-1230,,https://www.apartments.com/c-on-pico-los-angeles-ca/,JRK Property Holdings
Residences at ATX Tower,"321 West 6th Street",Austin,TX,Downtown,512-580-0321,,https://atxtower-residences.com/,RPM Living
415 Colorado,"415 Colorado Street",Austin,TX,Downtown,512-580-0415,,https://www.415colorado.com/,RPM Living
Lookout Austin,"1910 Wickersham Lane",Austin,TX,East Austin,512-730-1910,,https://rpmliving.com/,RPM Living
The Standard Dallas,"1801 N Lamar Street",Dallas,TX,Victory Park,214-741-1801,,https://www.zrsapartments.com/,ZRS Management
Elle of Buckhead,"3250 Piedmont Road NE",Atlanta,GA,Buckhead,404-869-3250,,https://www.zrsapartments.com/,ZRS Management
Miro Apartments,"2619 McKinney Ave",Dallas,TX,Uptown,,,https://www.greystar.com/miro-apartments-dallas-tx/p_15402,Greystar
Seville Uptown,"4144 Bowser Ave",Dallas,TX,Oak Lawn,,,https://www.greystar.com/seville-uptown-dallas-tx/p_19293,Greystar
The Sevens,"7777 Forest Ln",Dallas,TX,Preston Hollow,,,https://www.willowbridgepc.com/properties/the-sevens-dallas-texas,Willow Bridge
8119,"8119 Southwestern Blvd",Dallas,TX,Uptown,,,https://www.willowbridgepc.com/properties/8119-dallas-texas,Willow Bridge
Moda Luxury Apartments,"2520 N Houston St",Dallas,TX,Victory Park,,,https://www.willowbridgepc.com/properties/moda-luxury-apartments-dallas-tx,Willow Bridge
The Pavilions,"16000 Midway Rd",Dallas,TX,North Dallas,,,https://www.willowbridgepc.com/properties/the-pavilions-dallas-tx,Willow Bridge
Brady,"3100 Cole Ave",Dallas,TX,Uptown,,,https://www.willowbridgepc.com/properties/brady-dallas-tx,Willow Bridge
Leksa at CityPlace,"3030 Cityplace West Blvd",Dallas,TX,Uptown,,,https://www.willowbridgepc.com/,Willow Bridge
The Park at Katy Trail,"4525 Cole Ave",Dallas,TX,Knox Henderson,,,https://www.willowbridgepc.com/,Willow Bridge
Cortland North Dallas,"17811 Vail St",Dallas,TX,North Dallas,,,https://cortland.com/apartments/cortland-north-dallas/,Cortland
Cortland M-Line,"3200 McKinney Ave",Dallas,TX,Uptown,,,https://cortland.com/apartments/cortland-m-line/,Cortland
Cortland on McKinney,"1900 McKinney Ave",Dallas,TX,Uptown,,,https://cortland.com/apartments/cortland-on-mckinney/,Cortland
Cortland at West Village,"2901 Cityplace West Blvd",Dallas,TX,Uptown,,,https://cortland.com/apartments/cortland-at-west-village/,Cortland
Spanish Village,"3232 Sumter Dr",Dallas,TX,Oak Cliff,,,https://www.apartments.com/,Cross Equities
Cirque Residences,"2520 Victory Park Ln",Dallas,TX,Victory Park,,,https://www.cirqueresidences.com/,Madera Residential
Gallery at Turtle Creek,"4144 N Hall St",Dallas,TX,Oak Lawn,,,https://www.greystar.com/gallery-at-turtle-creek-apartments-dallas-tx/p_14950,Greystar
The Georgian,"17930 Marsh Ln",Dallas,TX,North Dallas,,,https://www.greystar.com/the-georgian-apartments-dallas-tx/p_10747,Greystar
4110 Fairmount,"4110 Fairmount St",Dallas,TX,Oak Lawn,,,https://www.greystar.com/,Greystar
Alara Uptown,"3333 Allen St",Dallas,TX,Uptown,,,https://www.greystar.com/,Greystar
555 Ross,"555 Ross Ave",Dallas,TX,Downtown,,,https://www.greystar.com/,Greystar
Oak and Ellum,"2202 N Good Latimer Expy",Dallas,TX,Deep Ellum,,,https://www.greystar.com/,Greystar
The Laurel Preston Hollow,"8450 Southwestern Blvd",Dallas,TX,Preston Hollow,,,https://www.greystar.com/,Greystar
Renaissance at Preston Hollow,"6116 Luther Ln",Dallas,TX,Preston Hollow,,,https://www.greystar.com/,Greystar
Novel Turtle Creek,"4001 Turtle Creek Blvd",Dallas,TX,Turtle Creek,,,https://www.greystar.com/,Greystar
Ascent Victory Park,"2311 N Houston St",Dallas,TX,Victory Park,,,https://www.greystar.com/,Greystar
Manchester State Thomas,"3030 State St",Dallas,TX,State Thomas,,,https://www.greystar.com/,Greystar
Riviera at West Village,"3939 McKinney Ave",Dallas,TX,Uptown,,,https://www.greystar.com/,Greystar
Eastbridge Apartments,"5140 Willis Ave",Dallas,TX,Greenville Ave,,,https://www.willowbridgepc.com/properties/eastbridge-apartments-dallas-tx,Willow Bridge
The Lofts at Mockingbird Station,"5331 E Mockingbird Ln",Dallas,TX,Mockingbird Station,,,https://www.willowbridgepc.com/properties/the-lofts-at-mockingbird-station-dallas-tx,Willow Bridge
CMPND Miami,"55 NE 2nd St",Miami,FL,Downtown,786-952-7755,,https://cmpndmiamiapts.com/,TRG Management
UNI Miami,"1756 N Bayshore Dr",Miami,FL,Arts District,,,https://www.liveatuni.com/,
Remi on the River,"444 NW North River Dr",Miami,FL,River District,,,https://www.remiontheriver.com/,
NoMad Residences,"2700 NW 2nd Ave",Miami,FL,Wynwood,,,https://www.nomadresidencesmiami.com/,
Natiivo Miami,"601 NE 1st Ave",Miami,FL,Downtown,,,https://www.natiivomiami.com/,
111 Varick,"111 Varick St",New York,NY,Hudson Square,,,https://111varick.com/,
Silver Towers,"600 W 42nd St",New York,NY,Hell's Kitchen,,,https://silvertowers.com/,
The Gabriella,"4255 Cedar Springs Rd",Dallas,TX,Oak Lawn,,,https://thegabrielladallas.com/,
The Alton Oak Lawn,"3017 Douglas Ave",Dallas,TX,Oak Lawn,,,https://www.thealtonoaklawn.com/,
ARQ,"5500 Adams Blvd",Los Angeles,CA,West Adams,,,https://arqatcumulus.com/,
The Landmark Los Angeles,"11111 Santa Monica Blvd",Los Angeles,CA,West Los Angeles,,,https://thelandmarklosangeles.com/,
LINEA,"11711 W Pico Blvd",Los Angeles,CA,West Los Angeles,,,https://www.lineala.com/,
Modera Parkside,"1075 Piedmont Ave NE",Atlanta,GA,Midtown,,,https://www.moderaliving.com/,Mill Creek Residential
1081 Juniper,"1081 Juniper St NE",Atlanta,GA,Midtown,,,https://www.1081juniper.com/,
Loria Ansley,"1441 Peachtree St NE",Atlanta,GA,Midtown,,,https://www.loriaansley.com/,
1655 Peachtree,"1655 Peachtree St NE",Atlanta,GA,Midtown,,,https://www.1655peachtree.com/,
The Modern Austin,"70 Rainey St",Austin,TX,Rainey Street,,,https://www.themodernaustin.com/,
Residences at 6G,"600 Guadalupe St",Austin,TX,Downtown,,,https://www.6gaustin.com/,
Paseo Austin,"80 Rainey St",Austin,TX,Rainey Street,,,https://www.paseoaustin.com/,
Vesper Austin,"78 Rainey St",Austin,TX,Rainey Street,,,https://www.vesperaustin.com/,
805 Lea,"805 Lea Ave",Nashville,TN,Downtown,,,https://www.805lea.com/,
Prima at Paseo South Gulch,"500 11th Ave S",Nashville,TN,The Gulch,,,https://www.primasouthgulch.com/,
Infinity Lofts,"410 11th Ave S",Nashville,TN,The Gulch,,,https://infinitylofts.com/,
Eleven North,"1115 Church St",Nashville,TN,Downtown,,,https://elevennorth.com/,
One Williamsburg Wharf,"1 Williamsburg Way",Brooklyn,NY,Williamsburg,,,https://www.onewilliamsburgwharf.com/,Naftali Group
One Domino Square,"1 Domino Square",Brooklyn,NY,Williamsburg,,,https://www.onedominosquare.com/,Two Trees
The Brooklyn Tower,"9 DeKalb Ave",Brooklyn,NY,Downtown Brooklyn,,,https://www.thebrooklyntower.com/,
The Henry,"4131 Laguna St",Coral Gables,FL,Coral Gables,786-882-4667,,https://thehenrycoralgables.com/,
Bella Isla,"31 Venetian Way",Miami Beach,FL,Venetian Islands,305-531-7134,,https://www.bellaisla.com/,
Forma Miami,"2900 Biscayne Blvd",Miami,FL,Edgewater,786-982-0740,,https://www.rentformamiami.com/,Crescent Heights
Brickell Flatiron,"1001 Brickell Bay Dr",Miami,FL,Brickell,305-728-2800,,https://www.brickellflatiron.com/,CMC Group
Jade Brickell,"1331 Brickell Bay Dr",Miami,FL,Brickell,305-728-2300,,https://www.jadebrickell.com/,
Santa Maria,"1643 Brickell Ave",Miami,FL,Brickell,305-858-1100,,https://www.santamariabrickell.com/,
1010 Brickell,"1010 Brickell Ave",Miami,FL,Brickell,305-423-1010,,https://www.1010brickell.com/,
The Bond on Brickell,"1080 Brickell Ave",Miami,FL,Brickell,305-728-1080,,https://www.thebondonbrickell.com/,
Solaris at Brickell,"186 SE 12th Terrace",Miami,FL,Brickell,305-400-4700,,https://www.solarisatbrickell.com/,
The Plaza on Brickell,"950 Brickell Bay Dr",Miami,FL,Brickell,786-800-4440,,https://www.theplazaonbrickell.com/,Related Group
Four Seasons Brickell,"1425 Brickell Ave",Miami,FL,Brickell,305-358-3535,,https://www.fourseasons.com/miami/,Four Seasons
Lofty Brickell,"99 SW 7th St",Miami,FL,Brickell,,,https://www.loftybrickell.com/,Newgard Development
Berkshire Coral Gables,"301 Altara Ave",Coral Gables,FL,Coral Gables,786-735-2180,,https://berkshirecoralgables.com/,
800 Capri,"800 Capri St",Coral Gables,FL,Coral Gables,305-456-5800,,https://800capri.com/,
Cascade Link at Douglas,"3201 Shipping Ave",Miami,FL,Coconut Grove,786-802-4700,,https://cascadeatlink.com/,
The Residences at THesis,"1350 S Dixie Hwy",Coral Gables,FL,Coral Gables,305-779-6000,,https://thesisresidencesmiami.com/,
Gables Columbus Center,"2820 SW 37th Ave",Coral Gables,FL,Coral Gables,786-220-4300,,https://www.gables.com/,Gables Residential
Mr. C Residences,"2655 S Bayshore Dr",Miami,FL,Coconut Grove,305-800-0672,,https://mrcresidencescoconutgrove.com/,
Elemi at Grove Village,"3471 Main Hwy",Miami,FL,Coconut Grove,305-529-9988,,https://www.elemigrove.com/,
Grove at Grand Bay,"2675 S Bayshore Dr",Miami,FL,Coconut Grove,305-860-5757,,https://www.groveatgrandbay.com/,Terra Group
Blu27 at Edgewater,"2700 NE 27th St",Miami,FL,Edgewater,786-558-6060,,https://www.blu27aptsmiami.com/,
Bezel Miami Worldcenter,"851 NE 1st Ave",Miami,FL,Downtown,786-864-1851,,https://www.bezelmiami.com/,
Muze at Met,"201 SE 3rd Ave",Miami,FL,Downtown,305-358-3636,,https://www.muzemetmiami.com/,
Grand Station,"240 NW 25th St",Miami,FL,Wynwood,786-703-0300,,https://www.grandstationmiami.com/,
Arte Grand Central,"145 NW 8th St",Miami,FL,Overtown,786-953-6666,,https://avantiresidential.com/,Avanti Residential
19 Dutch,"19 Dutch St",New York,NY,Financial District,212-748-1919,,https://www.19dutch.com/,
The Capitol,"306 E 35th St",New York,NY,NoMad,212-213-9000,,https://www.thecapitolnyc.com/,
Rose Hill,"30 E 29th St",New York,NY,NoMad,212-951-9000,,https://www.rosehillnyc.com/,Rockefeller Group
The Eugene,"435 W 31st St",New York,NY,Hudson Yards,646-652-3232,,https://www.theeugenenyc.com/,Brookfield
Lantern House,"515 W 18th St",New York,NY,Chelsea,212-616-7000,,https://lanternhousenyc.com/,Related
35 Hudson Yards,"35 Hudson Yards",New York,NY,Hudson Yards,212-708-3535,,https://www.35hudsonyards.com/,Related
One High Line,"500 W 18th St",New York,NY,Chelsea,212-228-1500,,https://onehighline.com/,
Maple Terrace,"3003 Maple Ave",Dallas,TX,Uptown,214-855-5900,,https://www.mapleterracedallas.com/,
The Oliver,"1999 Bryan St",Dallas,TX,Downtown,469-243-8000,,https://www.theoliverdallas.com/,
Residences at Park District,"2627 Howell St",Dallas,TX,Uptown,469-930-4500,,https://liveparkdistrict.com/,
Sentral DTLA,"755 S Spring St",Los Angeles,CA,Downtown,213-315-3700,,https://www.sentral.com/los-angeles/dtla,Sentral
The Quincy,"78 E 7th St",Austin,TX,Rainey Street,512-580-7800,,https://quincyatx.com/,
SkyHouse Austin,"51 Rainey St",Austin,TX,Rainey Street,512-494-5100,,https://www.skyhouseaustin.com/,Simpson Property Group
Pullman Gulch Union,"1111 Division St",Nashville,TN,The Gulch,615-490-8888,,https://www.pullmanproperties.com/,
Twelve Twelve,"1212 Laurel St",Nashville,TN,The Gulch,615-301-0032,,https://www.1212nashville.com/,
